{
	"code": "javelin",
	"class": "EntityProjectile",
	"hitboxSize": { "x": 0.125, "y": 0.125 },
	"variantgroups": [
		{ "code": "material", "states": ["bone"] }
	],
	"client": {
		"renderer": "Shape",
		"shapeByType": {
			"*": { "base": "javelin", "offsetX": -0.8125 }
		},
		"texturesByType": {
			"javelin-bone": {
				"material": { "base": "game:block/creature/bone" }
			}
		},
		"behaviors": [
			{ 
				"code": "passivephysics", 
				"groundDragFactor": 1,
				"airDragFactor": 0.25,
				"gravityFactor": 0.75
			}, 
			{ "code": "interpolateposition" }
		]
	},
	"server": {
		"behaviors": [
			{ 
				"code": "passivephysics", 
				"groundDragFactor": 1,
				"airDragFactor": 0.25,
				"gravityFactor": 0.75
			}, 
			{ "code": "despawn", "minSeconds": 600 }
		]
	},
	"sounds": { }
}