{
	code: "javelinhead",
	variantgroups: [
		{ code: "material", states: ["bone"] }
	],
	heldTpUseAnimation: "interactstatic", maxstacksize: 10,
	shapeByType: {
		"javelinhead-bone": { base: "javelin" }
	},
	texturesByType: {
		"javelinhead-bone": {
			"material": { base: "game:block/creature/bone" },
			"string": { base: "game:block/transparent" },
			"feather2": { base: "game:block/transparent" },
			"handle": { base: "game:block/transparent" }
		}
	},
	creativeinventory: { "general": ["*"], "items": ["*"] },
	guiTransformByType: {
		"*": {
			translation: { x: 20, y: 22, z: 0 },
			rotation: { x: -40, y: -38, z: 28 },
			origin: { x: 1.37, y: 0.07, z: 0.51 },
			scale: 4.1
		}
	},
	fpHandTransformByType: {
		"*": {
			translation: { x: -0.5, y: 0, z: 0 },
			rotation: { x: -23, y: 30, z: 79 },
			origin: { x: 1.28, y: 0, z: 0.52 },
			scale: 2.5
		}
	},
	tpHandTransformByType: {
		"*": {
			translation: { x: -1.75, y: -0.13, z: -0.56 },
			rotation: { x: -51, y: -22, z: -22 },
			origin: { x: 1.25, y: 0, z: 0.5 },
			scale: 0.82
		}
	},
	groundTransformByType: {
		"*": {
			translation: { x: 0, y: 0, z: 0 },
			rotation: { x: 135, y: 0, z: 0 },
			origin: { x: 1.3, y: 0.05, z: 0.53 },
			scale: 3.56
		}
	}
}